{
  "registers": {
    "fennekin": {
      "normal": {
        "isShiny": false,
        "status": "CAUGHT",
        "discoveredTimestamp": 1727236927317,
        "caughtTimestamp": 1727236927317
      }
    },
    "charmander": {
      "normal": {
        "isShiny": false,
        "status": "CAUGHT",
        "discoveredTimestamp": 1727237011894,
        "caughtTimestamp": 1727237011894
      }
    },
    "sentret": {
      "normal": {
        "isShiny": false,
        "status": "SEEN",
        "discoveredTimestamp": 1727237064455
      }
    },
    "furret": {
      "normal": {
        "isShiny": false,
        "status": "SEEN",
        "discoveredTimestamp": 1727237069450
      }
    }
  }
}