{
  "registers": {
    "fennekin": {
      "normal": {
        "isShiny": false,
        "status": "CAUGHT",
        "discoveredTimestamp": 1727236927317,
        "caughtTimestamp": 1727236927317
      }
    },
    "charmander": {
      "normal": {
        "isShiny": false,
        "status": "CAUGHT",
        "discoveredTimestamp": 1727237011894,
        "caughtTimestamp": 1727237011894
      }
    },
    "sentret": {
      "normal": {
        "isShiny": false,
        "status": "SEEN",
        "discoveredTimestamp": 1727237064455
      }
    },
    "furret": {
      "normal": {
        "isShiny": false,
        "status": "SEEN",
        "discoveredTimestamp": 1727237069450
      }
    },
    "pachirisu": {
      "normal": {
        "isShiny": false,
        "status": "CAUGHT",
        "discoveredTimestamp": 1727289852837,
        "caughtTimestamp": 1727289852837
      }
    },
    "kakuna": {
      "normal": {
        "isShiny": false,
        "status": "CAUGHT",
        "discoveredTimestamp": 1727289953773,
        "caughtTimestamp": 1727289953773
      }
    },
    "braixen": {
      "normal": {
        "isShiny": false,
        "status": "CAUGHT",
        "discoveredTimestamp": 1727289963658,
        "caughtTimestamp": 1727289963658
      }
    },
    "beedrill": {
      "normal": {
        "isShiny": false,
        "status": "CAUGHT",
        "discoveredTimestamp": 1727289970539,
        "caughtTimestamp": 1727289970539
      }
    },
    "stonjourner": {
      "normal": {
        "isShiny": false,
        "status": "CAUGHT",
        "discoveredTimestamp": 1727290332013,
        "caughtTimestamp": 1727290332013
      }
    },
    "mareep": {
      "normal": {
        "isShiny": false,
        "status": "CAUGHT",
        "discoveredTimestamp": 1727290350723,
        "caughtTimestamp": 1727290350723
      }
    },
    "flaaffy": {
      "normal": {
        "isShiny": false,
        "status": "CAUGHT",
        "discoveredTimestamp": 1727290367696,
        "caughtTimestamp": 1727290367696
      }
    },
    "bouffalant": {
      "normal": {
        "isShiny": false,
        "status": "CAUGHT",
        "discoveredTimestamp": 1727290733106,
        "caughtTimestamp": 1727290733106
      }
    }
  }
}