{"stats":{"minecraft:dropped":{"minecraft:wheat_seeds":4,"minecraft:mossy_cobblestone":5,"minecraft:glass_bottle":1,"minecraft:feather":3,"minecraft:book":1,"evilcraft:dark_gem":3,"minecraft:dirt":11,"minecraft:brown_wool":1,"cobblemon:green_apricorn":1,"minecraft:potion":2,"evilcraft:dark_spike":1,"minecraft:iron_pickaxe":1,"minecraft:white_wool":1,"minecraft:gold_ingot":3,"minecraft:sweet_berries":13,"minecraft:rotten_flesh":2,"minecraft:white_bed":2,"minecraft:oak_sapling":1,"minecraft:spruce_log":1,"minecraft:wooden_pickaxe":3},"minecraft:custom":{"minecraft:mob_kills":46,"minecraft:interact_with_crafting_table":24,"minecraft:leave_game":1,"minecraft:time_since_death":13382,"minecraft:sprint_one_cm":471020,"minecraft:walk_one_cm":305711,"minecraft:drop":35,"minecraft:talked_to_villager":1,"minecraft:play_time":145953,"minecraft:deaths":2,"minecraft:sneak_time":7576,"minecraft:walk_under_water_one_cm":11058,"minecraft:jump":1945,"minecraft:walk_on_water_one_cm":7997,"minecraft:total_world_time":145953,"minecraft:interact_with_furnace":37,"minecraft:sleep_in_bed":10,"minecraft:time_since_rest":5480,"minecraft:damage_taken":1781,"minecraft:damage_dealt":8392,"minecraft:swim_one_cm":19066,"minecraft:fly_one_cm":584421,"minecraft:open_chest":50,"minecraft:crouch_one_cm":18636,"minecraft:interact_with_smoker":9,"minecraft:fall_one_cm":94884},"minecraft:killed_by":{"benssharks:axodile":1},"minecraft:killed":{"minecraft:horse":1,"minecraft:skeleton":2,"minecraft:chicken":4,"minecraft:pig":8,"cobblemon:pokemon":11,"minecraft:iron_golem":1,"minecraft:creeper":1,"minecraft:sheep":5,"minecraft:zombie":6,"minecraft:cow":6},"minecraft:mined":{"minecraft:spruce_planks":3,"minecraft:white_bed":3,"minecraft:mossy_cobblestone":5,"nuclearcraft:thorium_ore":28,"nuclearcraft:boron_ore":9,"cobblemon:apricorn_log":5,"minecraft:grass_block":15,"nuclearcraft:zinc_ore":16,"minecraft:spruce_leaves":65,"minecraft:large_fern":2,"minecraft:furnace":3,"minecraft:iron_ore":6,"minecraft:andesite":22,"nuclearcraft:uranium_ore":7,"evilcraft:dark_ore":2,"minecraft:dirt_path":5,"minecraft:stone":52,"mekanism:osmium_ore":22,"minecraft:lily_of_the_valley":1,"minecraft:smoker":2,"minecraft:crafting_table":1,"minecraft:torch":2,"cobblemon:apricorn_leaves":17,"mekanism:tin_ore":29,"minecraft:copper_ore":22,"minecraft:cobblestone":7,"nuclearcraft:lithium_ore":1,"minecraft:grindstone":1,"minecraft:sugar_cane":9,"minecraft:diorite":2,"minecraft:blue_bed":2,"minecraft:wall_torch":2,"nuclearcraft:magnesium_ore":13,"minecraft:sweet_berry_bush":13,"minecraft:ice":2,"minecraft:spruce_log":23,"minecraft:birch_leaves":3,"nuclearcraft:lead_ore":21,"cobblemon:dusk_stone_ore":2,"minecraft:grass":3,"minecraft:coal_ore":103,"minecraft:gravel":5,"minecraft:dirt":20,"minecraft:sand":7,"nuclearcraft:tin_ore":2,"evilcraft:hardened_blood":7,"minecraft:oak_leaves":313,"minecraft:fern":2},"minecraft:broken":{"minecraft:stone_pickaxe":1,"minecraft:stone_axe":1,"minecraft:iron_pickaxe":1},"minecraft:used":{"minecraft:spruce_planks":28,"minecraft:chest":2,"minecraft:iron_sword":88,"minecraft:cooked_chicken":4,"minecraft:torch":43,"minecraft:dirt":53,"minecraft:lily_of_the_valley":1,"minecraft:snowball":38,"cobblemon:apricorn_planks":20,"minecraft:sweet_berries":27,"minecraft:furnace":4,"minecraft:oak_sapling":8,"minecraft:egg":2,"minecraft:diorite":4,"minecraft:glass_bottle":1,"minecraft:stone_pickaxe":126,"evilcraft:blood_infuser":1,"minecraft:wooden_pickaxe":11,"minecraft:blue_bed":1,"minecraft:white_wool":1,"minecraft:crafting_table":4,"minecraft:white_bed":4,"minecraft:smoker":2,"minecraft:bread":20,"minecraft:iron_pickaxe":258,"minecraft:spruce_sapling":1,"minecraft:gravel":3,"minecraft:stone_axe":97,"minecraft:cobblestone":43,"minecraft:cooked_porkchop":7,"minecraft:andesite":23,"minecraft:bone_meal":33},"minecraft:crafted":{"evilcraft:dark_spike":16,"minecraft:cooked_chicken":4,"cobblemon:apricorn_planks":20,"minecraft:furnace":1,"minecraft:bone_meal":33,"minecraft:cooked_mutton":14,"minecraft:flint_and_steel":1,"minecraft:glass":6,"evilcraft:blood_extractor":1,"minecraft:stone_pickaxe":1,"minecraft:chest":2,"evilcraft:darkened_apple":2,"minecraft:cooked_beef":13,"minecraft:glass_bottle":3,"minecraft:cooked_porkchop":16,"evilcraft:blood_infusion_core":1,"minecraft:crafting_table":3,"minecraft:spruce_planks":172,"minecraft:wooden_pickaxe":1,"minecraft:iron_sword":1,"minecraft:copper_ingot":64,"minecraft:stone_axe":1,"minecraft:air":0,"cobblemon:quick_ball":12,"minecraft:book":1,"minecraft:paper":3,"minecraft:shield":1,"evilcraft:blood_infuser":1,"minecraft:stick":16,"minecraft:iron_ingot":7,"minecraft:iron_pickaxe":2,"minecraft:torch":60},"minecraft:picked_up":{"minecraft:crafting_table":2,"evilcraft:dark_power_gem":1,"minecraft:chicken":4,"cobblemon:yellow_apricorn":21,"cobblemon:red_apricorn":3,"nuclearcraft:lead_chunk":21,"minecraft:wooden_pickaxe":2,"minecraft:potion":2,"minecraft:string":1,"minecraft:raw_copper":73,"cobblemon:white_apricorn":2,"cobblemon:green_apricorn":9,"cobblemon:white_apricorn_seed":1,"minecraft:spruce_planks":3,"minecraft:beef":13,"cobblemon:oran_berry":1,"cobblemon:dusk_stone":2,"minecraft:iron_pickaxe":1,"evilcraft:hardened_blood_shard":14,"minecraft:sugar_cane":26,"minecraft:furnace":3,"minecraft:egg":2,"minecraft:raw_iron":7,"minecraft:stick":18,"cobblemon:apricorn_log":5,"minecraft:torch":6,"evilcraft:origins_of_darkness":1,"minecraft:porkchop":18,"evilcraft:dark_spike":16,"minecraft:diorite":4,"mekanism:raw_tin":29,"minecraft:arrow":3,"minecraft:rotten_flesh":2,"minecraft:gold_ingot":3,"minecraft:mutton":14,"nuclearcraft:uranium_chunk":7,"cobblemon:blue_apricorn":10,"minecraft:snowball":38,"minecraft:white_wool":8,"minecraft:cobblestone":65,"minecraft:air":0,"minecraft:feather":3,"minecraft:andesite":23,"minecraft:brown_wool":1,"minecraft:leather":8,"minecraft:smoker":2,"minecraft:flint":1,"minecraft:blue_bed":2,"minecraft:dirt":66,"minecraft:apple":2,"cobblemon:black_apricorn":3,"minecraft:wheat_seeds":4,"minecraft:iron_ingot":4,"minecraft:grindstone":1,"nuclearcraft:lithium_chunk":1,"minecraft:glass_bottle":1,"nuclearcraft:thorium_chunk":28,"nuclearcraft:zinc_chunk":16,"nuclearcraft:magnesium_chunk":14,"minecraft:sweet_berries":32,"minecraft:gravel":3,"cobblemon:blue_apricorn_seed":1,"cobblemon:cheri_berry":1,"minecraft:sand":6,"minecraft:lily_of_the_valley":1,"minecraft:spruce_sapling":5,"cobblemon:pink_apricorn":1,"minecraft:white_bed":5,"minecraft:spruce_log":24,"mekanism:raw_osmium":22,"cobblemon:aspear_berry":19,"minecraft:mossy_cobblestone":5,"evilcraft:dark_gem":11,"minecraft:oak_sapling":9,"nuclearcraft:boron_chunk":9,"minecraft:coal":221,"nuclearcraft:tin_chunk":2}},"DataVersion":3465}