{"stats":{"minecraft:dropped":{"minecraft:sweet_berries":13,"minecraft:wheat_seeds":2,"minecraft:mossy_cobblestone":5,"minecraft:glass_bottle":1,"minecraft:feather":3,"minecraft:rotten_flesh":2,"minecraft:white_bed":2,"minecraft:dirt":4,"minecraft:oak_sapling":1,"minecraft:potion":2,"cobblemon:green_apricorn":1,"evilcraft:dark_spike":1,"minecraft:spruce_log":1,"minecraft:wooden_pickaxe":3,"minecraft:iron_pickaxe":1,"minecraft:gold_ingot":3},"minecraft:custom":{"minecraft:interact_with_furnace":12,"minecraft:mob_kills":20,"minecraft:interact_with_crafting_table":11,"minecraft:leave_game":1,"minecraft:time_since_death":37941,"minecraft:sleep_in_bed":3,"minecraft:time_since_rest":12215,"minecraft:sprint_one_cm":248359,"minecraft:damage_taken":951,"minecraft:walk_one_cm":179996,"minecraft:drop":22,"minecraft:damage_dealt":3159,"minecraft:swim_one_cm":2270,"minecraft:fly_one_cm":280074,"minecraft:open_chest":18,"minecraft:crouch_one_cm":16538,"minecraft:play_time":73953,"minecraft:deaths":1,"minecraft:sneak_time":6646,"minecraft:walk_under_water_one_cm":7176,"minecraft:jump":928,"minecraft:walk_on_water_one_cm":4200,"minecraft:total_world_time":73953,"minecraft:fall_one_cm":40223},"minecraft:killed_by":{"benssharks:axodile":1},"minecraft:killed":{"minecraft:pig":8,"minecraft:iron_golem":1,"minecraft:creeper":1,"minecraft:sheep":1,"minecraft:skeleton":2,"minecraft:zombie":2,"minecraft:chicken":4},"minecraft:mined":{"minecraft:spruce_planks":1,"minecraft:white_bed":3,"mekanism:osmium_ore":22,"minecraft:mossy_cobblestone":5,"nuclearcraft:thorium_ore":28,"nuclearcraft:boron_ore":9,"minecraft:smoker":1,"cobblemon:apricorn_log":5,"cobblemon:apricorn_leaves":16,"minecraft:crafting_table":1,"minecraft:torch":2,"minecraft:grass_block":5,"mekanism:tin_ore":29,"nuclearcraft:zinc_ore":16,"minecraft:copper_ore":22,"minecraft:cobblestone":7,"minecraft:spruce_leaves":63,"minecraft:sugar_cane":6,"nuclearcraft:lithium_ore":1,"minecraft:diorite":2,"minecraft:wall_torch":2,"nuclearcraft:magnesium_ore":13,"minecraft:large_fern":2,"minecraft:furnace":3,"minecraft:iron_ore":6,"minecraft:sweet_berry_bush":13,"minecraft:ice":1,"nuclearcraft:uranium_ore":7,"minecraft:spruce_log":23,"minecraft:andesite":22,"nuclearcraft:lead_ore":21,"evilcraft:dark_ore":2,"cobblemon:dusk_stone_ore":2,"minecraft:coal_ore":101,"minecraft:sand":3,"minecraft:dirt":16,"nuclearcraft:tin_ore":2,"minecraft:stone":43,"minecraft:oak_leaves":21,"minecraft:fern":2},"minecraft:broken":{"minecraft:stone_pickaxe":1},"minecraft:used":{"minecraft:diorite":4,"minecraft:glass_bottle":1,"minecraft:stone_pickaxe":126,"minecraft:chest":2,"minecraft:spruce_planks":10,"minecraft:wooden_pickaxe":11,"minecraft:cooked_chicken":4,"minecraft:white_wool":1,"minecraft:torch":42,"minecraft:dirt":28,"minecraft:crafting_table":3,"minecraft:white_bed":4,"minecraft:snowball":17,"minecraft:bread":11,"minecraft:iron_pickaxe":242,"cobblemon:apricorn_planks":20,"minecraft:spruce_sapling":1,"minecraft:stone_axe":92,"minecraft:cobblestone":42,"minecraft:sweet_berries":27,"minecraft:furnace":4,"minecraft:andesite":23,"minecraft:egg":2},"minecraft:crafted":{"evilcraft:dark_spike":16,"minecraft:glass_bottle":3,"minecraft:crafting_table":3,"minecraft:spruce_planks":128,"minecraft:wooden_pickaxe":1,"minecraft:cooked_chicken":4,"cobblemon:apricorn_planks":20,"minecraft:furnace":1,"minecraft:stone_axe":1,"minecraft:air":0,"minecraft:glass":3,"minecraft:stick":16,"minecraft:iron_ingot":3,"minecraft:iron_pickaxe":1,"minecraft:stone_pickaxe":1,"minecraft:chest":2,"minecraft:torch":60},"minecraft:picked_up":{"minecraft:crafting_table":1,"minecraft:feather":3,"minecraft:chicken":4,"minecraft:andesite":23,"cobblemon:yellow_apricorn":6,"minecraft:smoker":1,"nuclearcraft:lead_chunk":21,"cobblemon:red_apricorn":3,"minecraft:wooden_pickaxe":2,"minecraft:potion":2,"minecraft:dirt":32,"minecraft:string":1,"minecraft:raw_copper":73,"cobblemon:white_apricorn":2,"minecraft:wheat_seeds":2,"cobblemon:black_apricorn":3,"cobblemon:green_apricorn":1,"cobblemon:white_apricorn_seed":1,"minecraft:spruce_planks":1,"minecraft:iron_ingot":4,"minecraft:iron_pickaxe":1,"cobblemon:dusk_stone":2,"nuclearcraft:lithium_chunk":1,"minecraft:glass_bottle":1,"minecraft:sugar_cane":18,"nuclearcraft:thorium_chunk":28,"minecraft:egg":2,"minecraft:furnace":3,"minecraft:stick":12,"minecraft:raw_iron":7,"cobblemon:apricorn_log":5,"nuclearcraft:zinc_chunk":16,"nuclearcraft:magnesium_chunk":14,"minecraft:sweet_berries":32,"minecraft:torch":6,"cobblemon:pink_apricorn":1,"minecraft:sand":3,"minecraft:porkchop":13,"evilcraft:dark_spike":16,"minecraft:spruce_sapling":5,"minecraft:diorite":4,"minecraft:white_bed":5,"minecraft:spruce_log":24,"cobblemon:aspear_berry":19,"mekanism:raw_osmium":22,"minecraft:mossy_cobblestone":5,"mekanism:raw_tin":29,"minecraft:arrow":3,"minecraft:rotten_flesh":2,"evilcraft:dark_gem":9,"minecraft:gold_ingot":3,"minecraft:oak_sapling":1,"cobblemon:blue_apricorn":3,"minecraft:mutton":2,"minecraft:snowball":17,"nuclearcraft:tin_chunk":2,"nuclearcraft:uranium_chunk":7,"minecraft:coal":220,"nuclearcraft:boron_chunk":9,"minecraft:white_wool":1,"minecraft:cobblestone":56}},"DataVersion":3465}