{"stats":{"minecraft:dropped":{"minecraft:sweet_berries":13,"minecraft:wheat_seeds":2,"minecraft:mossy_cobblestone":5,"minecraft:feather":3,"minecraft:rotten_flesh":2,"minecraft:white_bed":2,"minecraft:dirt":4,"cobblemon:green_apricorn":1,"evilcraft:dark_spike":1,"minecraft:spruce_log":1,"minecraft:wooden_pickaxe":3,"minecraft:iron_pickaxe":1,"minecraft:gold_ingot":3},"minecraft:custom":{"minecraft:interact_with_furnace":8,"minecraft:mob_kills":15,"minecraft:interact_with_crafting_table":10,"minecraft:leave_game":1,"minecraft:time_since_death":25941,"minecraft:sleep_in_bed":3,"minecraft:time_since_rest":215,"minecraft:sprint_one_cm":205118,"minecraft:damage_taken":811,"minecraft:walk_one_cm":143109,"minecraft:drop":18,"minecraft:damage_dealt":2679,"minecraft:swim_one_cm":706,"minecraft:fly_one_cm":210123,"minecraft:open_chest":10,"minecraft:crouch_one_cm":12844,"minecraft:play_time":61953,"minecraft:deaths":1,"minecraft:sneak_time":5947,"minecraft:walk_under_water_one_cm":5986,"minecraft:jump":683,"minecraft:walk_on_water_one_cm":2033,"minecraft:total_world_time":61953,"minecraft:fall_one_cm":27671},"minecraft:killed_by":{"benssharks:axodile":1},"minecraft:killed":{"minecraft:pig":4,"minecraft:iron_golem":1,"minecraft:creeper":1,"minecraft:skeleton":2,"minecraft:zombie":2,"minecraft:chicken":4},"minecraft:mined":{"minecraft:white_bed":3,"mekanism:osmium_ore":22,"minecraft:mossy_cobblestone":5,"nuclearcraft:thorium_ore":28,"nuclearcraft:boron_ore":9,"minecraft:smoker":1,"minecraft:crafting_table":1,"minecraft:torch":2,"minecraft:grass_block":5,"mekanism:tin_ore":29,"nuclearcraft:zinc_ore":16,"minecraft:copper_ore":22,"minecraft:cobblestone":7,"minecraft:spruce_leaves":4,"minecraft:sugar_cane":5,"nuclearcraft:lithium_ore":1,"minecraft:diorite":2,"minecraft:wall_torch":2,"nuclearcraft:magnesium_ore":13,"minecraft:furnace":3,"minecraft:iron_ore":6,"minecraft:sweet_berry_bush":13,"minecraft:ice":1,"nuclearcraft:uranium_ore":7,"minecraft:spruce_log":10,"minecraft:andesite":22,"nuclearcraft:lead_ore":21,"evilcraft:dark_ore":2,"cobblemon:dusk_stone_ore":2,"minecraft:coal_ore":101,"minecraft:sand":3,"minecraft:dirt":16,"nuclearcraft:tin_ore":2,"minecraft:stone":43,"minecraft:fern":2},"minecraft:broken":{"minecraft:stone_pickaxe":1},"minecraft:used":{"minecraft:diorite":4,"minecraft:stone_pickaxe":126,"minecraft:chest":2,"minecraft:spruce_planks":5,"minecraft:wooden_pickaxe":11,"minecraft:cooked_chicken":4,"minecraft:torch":42,"minecraft:dirt":28,"minecraft:crafting_table":3,"minecraft:white_bed":4,"minecraft:snowball":17,"minecraft:bread":4,"minecraft:iron_pickaxe":242,"minecraft:spruce_sapling":1,"minecraft:stone_axe":43,"minecraft:cobblestone":42,"minecraft:sweet_berries":27,"minecraft:furnace":2,"minecraft:andesite":23,"minecraft:egg":2},"minecraft:crafted":{"evilcraft:dark_spike":16,"minecraft:crafting_table":3,"minecraft:spruce_planks":104,"minecraft:wooden_pickaxe":1,"minecraft:cooked_chicken":4,"minecraft:furnace":1,"minecraft:stone_axe":1,"minecraft:air":0,"minecraft:stick":16,"minecraft:iron_ingot":3,"minecraft:iron_pickaxe":1,"minecraft:stone_pickaxe":1,"minecraft:chest":2,"minecraft:torch":60},"minecraft:picked_up":{"minecraft:crafting_table":1,"minecraft:feather":3,"minecraft:chicken":4,"minecraft:andesite":23,"cobblemon:yellow_apricorn":2,"minecraft:smoker":1,"nuclearcraft:lead_chunk":21,"cobblemon:red_apricorn":3,"minecraft:wooden_pickaxe":2,"minecraft:dirt":32,"minecraft:string":1,"minecraft:raw_copper":73,"minecraft:wheat_seeds":2,"cobblemon:black_apricorn":3,"cobblemon:green_apricorn":1,"minecraft:iron_ingot":4,"minecraft:iron_pickaxe":1,"cobblemon:dusk_stone":2,"nuclearcraft:lithium_chunk":1,"minecraft:sugar_cane":15,"nuclearcraft:thorium_chunk":28,"minecraft:egg":2,"minecraft:furnace":3,"minecraft:stick":7,"minecraft:raw_iron":7,"nuclearcraft:zinc_chunk":16,"nuclearcraft:magnesium_chunk":14,"minecraft:sweet_berries":32,"minecraft:torch":6,"minecraft:sand":3,"minecraft:porkchop":8,"evilcraft:dark_spike":16,"minecraft:spruce_sapling":1,"minecraft:diorite":4,"minecraft:white_bed":5,"minecraft:spruce_log":11,"cobblemon:aspear_berry":19,"mekanism:raw_osmium":22,"minecraft:mossy_cobblestone":5,"mekanism:raw_tin":29,"minecraft:arrow":3,"minecraft:rotten_flesh":2,"evilcraft:dark_gem":9,"minecraft:gold_ingot":3,"minecraft:snowball":17,"nuclearcraft:tin_chunk":2,"nuclearcraft:uranium_chunk":7,"minecraft:coal":220,"nuclearcraft:boron_chunk":9,"minecraft:cobblestone":56}},"DataVersion":3465}