{"stats":{"minecraft:used":{"minecraft:wooden_axe":7,"minecraft:wooden_pickaxe":7,"cobblemon:pc":1,"minecraft:dirt":2,"minecraft:crafting_table":1},"minecraft:mined":{"minecraft:crafting_table":1,"minecraft:grass":1,"minecraft:oak_log":10,"minecraft:grass_block":2,"minecraft:stone":6,"minecraft:oak_leaves":8},"minecraft:crafted":{"minecraft:oak_planks":40,"minecraft:crafting_table":1,"minecraft:stick":4,"minecraft:wooden_pickaxe":1,"minecraft:wooden_axe":1},"minecraft:killed":{"minecraft:sheep":1},"minecraft:custom":{"minecraft:time_since_rest":24779,"minecraft:sprint_one_cm":12051,"minecraft:damage_taken":40,"minecraft:walk_one_cm":12612,"minecraft:mob_kills":1,"minecraft:drop":3,"minecraft:damage_dealt":80,"minecraft:interact_with_crafting_table":2,"minecraft:swim_one_cm":4852,"minecraft:fly_one_cm":5343,"minecraft:crouch_one_cm":1824,"minecraft:play_time":24779,"minecraft:sneak_time":738,"minecraft:walk_under_water_one_cm":3570,"minecraft:jump":38,"minecraft:leave_game":15,"minecraft:time_since_death":24779,"minecraft:walk_on_water_one_cm":376,"minecraft:total_world_time":24779,"minecraft:fall_one_cm":2204},"minecraft:dropped":{"minecraft:oak_sapling":1,"minecraft:oak_planks":12},"minecraft:picked_up":{"minecraft:crafting_table":1,"cobblemon:black_apricorn_seed":1,"minecraft:oak_log":10,"cobblemon:pink_apricorn":4,"minecraft:dirt":2,"cobblemon:pink_apricorn_seed":1,"cobblemon:black_apricorn":4,"minecraft:oak_sapling":1,"minecraft:mutton":1,"minecraft:white_wool":1,"minecraft:cobblestone":6}},"DataVersion":3465}