{"stats":{"minecraft:dropped":{"minecraft:wheat_seeds":3,"minecraft:mossy_cobblestone":5,"minecraft:glass_bottle":1,"minecraft:feather":3,"minecraft:dirt":4,"cobblemon:green_apricorn":1,"minecraft:potion":2,"evilcraft:dark_spike":1,"minecraft:iron_pickaxe":1,"minecraft:gold_ingot":3,"minecraft:sweet_berries":13,"minecraft:rotten_flesh":2,"minecraft:white_bed":2,"minecraft:oak_sapling":1,"minecraft:spruce_log":1,"minecraft:wooden_pickaxe":3},"minecraft:custom":{"minecraft:mob_kills":20,"minecraft:interact_with_crafting_table":13,"minecraft:leave_game":1,"minecraft:time_since_death":49941,"minecraft:sprint_one_cm":302771,"minecraft:walk_one_cm":205314,"minecraft:drop":23,"minecraft:talked_to_villager":1,"minecraft:play_time":85953,"minecraft:deaths":1,"minecraft:sneak_time":6689,"minecraft:walk_under_water_one_cm":7730,"minecraft:jump":1157,"minecraft:walk_on_water_one_cm":5457,"minecraft:total_world_time":85953,"minecraft:interact_with_furnace":18,"minecraft:sleep_in_bed":4,"minecraft:time_since_rest":10658,"minecraft:damage_taken":1050,"minecraft:damage_dealt":3254,"minecraft:swim_one_cm":5841,"minecraft:fly_one_cm":355510,"minecraft:open_chest":27,"minecraft:crouch_one_cm":16595,"minecraft:fall_one_cm":49640},"minecraft:killed_by":{"benssharks:axodile":1},"minecraft:killed":{"minecraft:skeleton":2,"minecraft:chicken":4,"minecraft:pig":8,"minecraft:iron_golem":1,"minecraft:creeper":1,"minecraft:sheep":1,"minecraft:zombie":2},"minecraft:mined":{"minecraft:spruce_planks":1,"minecraft:white_bed":3,"minecraft:mossy_cobblestone":5,"nuclearcraft:thorium_ore":28,"nuclearcraft:boron_ore":9,"cobblemon:apricorn_log":5,"minecraft:grass_block":6,"nuclearcraft:zinc_ore":16,"minecraft:spruce_leaves":65,"minecraft:large_fern":2,"minecraft:furnace":3,"minecraft:iron_ore":6,"minecraft:andesite":22,"nuclearcraft:uranium_ore":7,"evilcraft:dark_ore":2,"minecraft:stone":43,"mekanism:osmium_ore":22,"minecraft:smoker":1,"minecraft:crafting_table":1,"minecraft:torch":2,"cobblemon:apricorn_leaves":16,"mekanism:tin_ore":29,"minecraft:copper_ore":22,"minecraft:cobblestone":7,"nuclearcraft:lithium_ore":1,"minecraft:grindstone":1,"minecraft:sugar_cane":6,"minecraft:diorite":2,"minecraft:blue_bed":1,"minecraft:wall_torch":2,"nuclearcraft:magnesium_ore":13,"minecraft:sweet_berry_bush":13,"minecraft:ice":1,"minecraft:spruce_log":23,"minecraft:birch_leaves":2,"nuclearcraft:lead_ore":21,"cobblemon:dusk_stone_ore":2,"minecraft:grass":1,"minecraft:coal_ore":101,"minecraft:dirt":17,"minecraft:sand":3,"nuclearcraft:tin_ore":2,"minecraft:oak_leaves":152,"minecraft:fern":2},"minecraft:broken":{"minecraft:stone_pickaxe":1,"minecraft:stone_axe":1},"minecraft:used":{"minecraft:spruce_planks":15,"minecraft:chest":2,"minecraft:cooked_chicken":4,"minecraft:torch":42,"minecraft:dirt":28,"minecraft:snowball":17,"cobblemon:apricorn_planks":20,"minecraft:sweet_berries":27,"minecraft:furnace":4,"minecraft:oak_sapling":5,"minecraft:egg":2,"minecraft:diorite":4,"minecraft:glass_bottle":1,"minecraft:stone_pickaxe":126,"minecraft:wooden_pickaxe":11,"minecraft:white_wool":1,"minecraft:crafting_table":3,"minecraft:white_bed":4,"minecraft:bread":15,"minecraft:iron_pickaxe":244,"minecraft:spruce_sapling":1,"minecraft:stone_axe":97,"minecraft:cobblestone":42,"minecraft:andesite":23},"minecraft:crafted":{"evilcraft:dark_spike":16,"minecraft:cooked_chicken":4,"cobblemon:apricorn_planks":20,"minecraft:furnace":1,"minecraft:cooked_mutton":7,"minecraft:glass":3,"minecraft:stone_pickaxe":1,"minecraft:chest":2,"evilcraft:darkened_apple":1,"minecraft:glass_bottle":3,"minecraft:crafting_table":3,"minecraft:spruce_planks":128,"minecraft:wooden_pickaxe":1,"minecraft:stone_axe":1,"minecraft:air":0,"minecraft:stick":16,"minecraft:iron_ingot":3,"minecraft:iron_pickaxe":2,"minecraft:torch":60},"minecraft:picked_up":{"minecraft:crafting_table":1,"minecraft:chicken":4,"cobblemon:yellow_apricorn":6,"cobblemon:red_apricorn":3,"nuclearcraft:lead_chunk":21,"minecraft:wooden_pickaxe":2,"minecraft:potion":2,"minecraft:string":1,"minecraft:raw_copper":73,"cobblemon:white_apricorn":2,"cobblemon:green_apricorn":1,"cobblemon:white_apricorn_seed":1,"minecraft:spruce_planks":1,"cobblemon:dusk_stone":2,"minecraft:iron_pickaxe":1,"minecraft:sugar_cane":18,"minecraft:furnace":3,"minecraft:egg":2,"minecraft:raw_iron":7,"minecraft:stick":16,"cobblemon:apricorn_log":5,"minecraft:torch":6,"minecraft:porkchop":16,"evilcraft:dark_spike":16,"minecraft:diorite":4,"mekanism:raw_tin":29,"minecraft:arrow":3,"minecraft:rotten_flesh":2,"minecraft:gold_ingot":3,"minecraft:mutton":7,"nuclearcraft:uranium_chunk":7,"cobblemon:blue_apricorn":3,"minecraft:snowball":17,"minecraft:white_wool":4,"minecraft:cobblestone":56,"minecraft:feather":3,"minecraft:andesite":23,"minecraft:smoker":1,"minecraft:blue_bed":1,"minecraft:dirt":32,"minecraft:apple":1,"cobblemon:black_apricorn":3,"minecraft:wheat_seeds":3,"minecraft:iron_ingot":4,"minecraft:grindstone":1,"nuclearcraft:lithium_chunk":1,"minecraft:glass_bottle":1,"nuclearcraft:thorium_chunk":28,"nuclearcraft:zinc_chunk":16,"nuclearcraft:magnesium_chunk":14,"minecraft:sweet_berries":32,"minecraft:sand":3,"minecraft:spruce_sapling":5,"cobblemon:pink_apricorn":1,"minecraft:white_bed":5,"minecraft:spruce_log":24,"mekanism:raw_osmium":22,"cobblemon:aspear_berry":19,"minecraft:mossy_cobblestone":5,"evilcraft:dark_gem":9,"minecraft:oak_sapling":6,"nuclearcraft:boron_chunk":9,"minecraft:coal":220,"nuclearcraft:tin_chunk":2}},"DataVersion":3465}