{"stats":{"minecraft:dropped":{"minecraft:enchanted_book":1,"minecraft:moss_block":1,"minecraft:wheat_seeds":2,"minecraft:mossy_cobblestone":5,"minecraft:cobblestone":170,"minecraft:book":1,"minecraft:tropical_fish":2,"cobblemon:vivichoke_seeds":1,"minecraft:stick":2,"minecraft:dirt":47,"minecraft:diorite":30,"minecraft:wooden_axe":2,"minecraft:string":7,"minecraft:bucket":1,"minecraft:bone":4,"minecraft:redstone":4,"minecraft:gravel":2,"minecraft:moss_carpet":2,"minecraft:cobbled_deepslate":56,"cobblemon:big_root":7,"minecraft:clay_ball":8,"minecraft:big_dripleaf":3,"megamons:anistarite_rough_geode_block":1,"minecraft:andesite":21,"minecraft:mossy_stone_bricks":3,"cobblemon:energy_root":2,"minecraft:stone_bricks":5,"minecraft:arrow":4,"minecraft:wooden_pickaxe":2},"minecraft:custom":{"minecraft:interact_with_anvil":1,"minecraft:mob_kills":28,"minecraft:interact_with_crafting_table":25,"minecraft:open_barrel":21,"minecraft:leave_game":1,"minecraft:time_since_death":134434,"minecraft:climb_one_cm":5693,"minecraft:sprint_one_cm":175774,"minecraft:walk_one_cm":267367,"minecraft:damage_blocked_by_shield":770,"minecraft:drop":49,"minecraft:play_time":134434,"minecraft:sneak_time":6233,"minecraft:walk_under_water_one_cm":11733,"minecraft:jump":499,"minecraft:interact_with_brewingstand":5,"minecraft:walk_on_water_one_cm":29703,"minecraft:total_world_time":134434,"minecraft:interact_with_furnace":29,"minecraft:time_since_rest":134434,"minecraft:damage_taken":1039,"minecraft:damage_dealt":4349,"minecraft:swim_one_cm":1017,"minecraft:fly_one_cm":49420,"minecraft:open_chest":4,"minecraft:crouch_one_cm":12743,"minecraft:fall_one_cm":14336},"minecraft:killed":{"minecraft:slime":1,"minecraft:skeleton":3,"minecraft:silverfish":1,"minecraft:zombie":18},"minecraft:mined":{"dungeonnowloading:iron_ingot_pile":3,"minecraft:large_amethyst_bud":5,"minecraft:tuff":32,"minecraft:mossy_cobblestone":1,"minecraft:deepslate_diamond_ore":6,"nuclearcraft:boron_ore":1,"cobblemon:big_root":7,"minecraft:granite":20,"minecraft:cave_vines_plant":4,"minecraft:budding_amethyst":1,"minecraft:decorated_pot":4,"dungeonnowloading:book_pile":1,"occultism:silver_ore_deepslate":5,"minecraft:spruce_leaves":4,"minecraft:moss_block":7,"minecraft:smooth_stone":1,"minecraft:furnace":1,"minecraft:iron_ore":64,"minecraft:gray_wall_banner":1,"nuclearcraft:uranium_ore":3,"minecraft:andesite":23,"minecraft:moss_carpet":1,"minecraft:deepslate_lapis_ore":3,"minecraft:cave_vines":7,"minecraft:deepslate_iron_ore":14,"minecraft:vine":1,"minecraft:small_amethyst_bud":1,"minecraft:iron_bars":2,"minecraft:spruce_pressure_plate":2,"minecraft:stone":298,"megamons:crystal_thunder_stone_ore":1,"megamons:anistarite_rough_geode_block":1,"mekanism:deepslate_lead_ore":6,"megamons:anistarite_geode_block":8,"dungeonnowloading:mossy_cobblestone_pebbles":1,"minecraft:medium_amethyst_bud":8,"cobblemon:revival_herb":1,"minecraft:amethyst_cluster":5,"minecraft:clay":10,"minecraft:crafting_table":4,"minecraft:torch":2,"minecraft:calcite":11,"mekanism:tin_ore":1,"minecraft:copper_ore":42,"cobblemon:energy_root":2,"minecraft:tall_grass":3,"minecraft:cobblestone":17,"minecraft:deepslate_gold_ore":44,"minecraft:diorite":39,"minecraft:big_dripleaf":1,"minecraft:wall_torch":5,"minecraft:amethyst_block":6,"minecraft:coarse_dirt":2,"evilcraft:dark_ore_deepslate":3,"nuclearcraft:uranium_deepslate_ore":7,"minecraft:spruce_log":16,"minecraft:grass":8,"minecraft:coal_ore":128,"dungeonnowloading:explosive_barrel":7,"mekanism:lead_ore":1,"minecraft:gravel":2,"minecraft:dirt":32,"nuclearcraft:boron_deepslate_ore":5,"nuclearcraft:tin_ore":1,"minecraft:cobweb":2,"minecraft:smooth_basalt":7,"minecraft:stone_bricks":4,"minecraft:mossy_stone_bricks":4,"minecraft:gold_ore":1,"nuclearcraft:silver_deepslate_ore":9,"minecraft:deepslate":232,"minecraft:fern":2,"minecraft:infested_deepslate":1,"dungeonnowloading:spikes":3},"minecraft:broken":{"minecraft:stone_pickaxe":3,"minecraft:iron_pickaxe":2},"minecraft:used":{"minecraft:iron_bars":1,"minecraft:tropical_fish":3,"minecraft:ladder":1,"minecraft:shield":24,"minecraft:iron_sword":100,"minecraft:rotten_flesh":29,"minecraft:torch":230,"minecraft:dirt":10,"minecraft:wooden_axe":22,"minecraft:iron_axe":3,"minecraft:iron_boots":1,"benssharks:silverfish":1,"minecraft:furnace":4,"minecraft:iron_leggings":1,"minecraft:water_bucket":5,"minecraft:diorite":9,"minecraft:amethyst_block":1,"minecraft:stone_pickaxe":398,"minecraft:wooden_pickaxe":14,"minecraft:glow_berries":35,"minecraft:crafting_table":9,"minecraft:flower_pot":2,"minecraft:bread":1,"minecraft:iron_pickaxe":745,"minecraft:spruce_pressure_plate":2,"minecraft:cobblestone":98,"minecraft:bucket":6,"minecraft:coarse_dirt":2,"minecraft:splash_potion":6},"minecraft:crafted":{"minecraft:furnace":3,"minecraft:iron_boots":1,"minecraft:iron_axe":1,"minecraft:stone_pickaxe":3,"minecraft:crafting_table":5,"minecraft:spruce_planks":92,"minecraft:wooden_pickaxe":1,"minecraft:iron_helmet":1,"minecraft:iron_sword":1,"minecraft:bucket":1,"minecraft:air":0,"minecraft:iron_chestplate":1,"minecraft:shield":2,"minecraft:stick":72,"minecraft:iron_ingot":64,"minecraft:iron_pickaxe":3,"minecraft:wooden_axe":1,"minecraft:iron_leggings":1,"minecraft:torch":204},"minecraft:picked_up":{"minecraft:wooden_axe":1,"minecraft:crafting_table":4,"minecraft:coarse_dirt":2,"minecraft:flower_pot":2,"minecraft:ladder":1,"minecraft:clay_ball":8,"minecraft:wooden_pickaxe":1,"occultism:raw_silver":5,"minecraft:enchanted_book":1,"minecraft:amethyst_block":1,"cobblemon:revival_herb":3,"minecraft:string":2,"minecraft:moss_carpet":2,"minecraft:raw_copper":155,"minecraft:cobbled_deepslate":120,"minecraft:bucket":1,"cobblemon:big_root":7,"minecraft:furnace":1,"nuclearcraft:silver_chunk":9,"minecraft:spruce_pressure_plate":2,"minecraft:raw_iron":76,"minecraft:big_dripleaf":6,"minecraft:torch":14,"minecraft:diorite":39,"mekanism:raw_tin":1,"minecraft:rotten_flesh":19,"minecraft:arrow":4,"minecraft:tropical_fish":5,"minecraft:glow_berries":20,"nuclearcraft:uranium_chunk":10,"minecraft:iron_bars":1,"minecraft:cobblestone":365,"benssharks:silverfish":1,"minecraft:glow_ink_sac":1,"mekanism:raw_lead":7,"minecraft:andesite":21,"minecraft:gunpowder":10,"megamons:anistarite_geode_block":8,"minecraft:dirt":57,"minecraft:bone":4,"minecraft:stone_bricks":5,"minecraft:wheat_seeds":2,"minecraft:raw_gold":43,"minecraft:iron_ingot":10,"cobblemon:thunder_stone":1,"minecraft:mossy_stone_bricks":3,"minecraft:moss_block":2,"minecraft:book":1,"minecraft:gravel":2,"minecraft:amethyst_shard":18,"minecraft:spruce_log":16,"minecraft:mossy_cobblestone":5,"megamons:anistarite_rough_geode_block":1,"minecraft:diamond":6,"minecraft:gray_banner":1,"evilcraft:dark_gem":13,"minecraft:granite":18,"nuclearcraft:boron_chunk":6,"cobblemon:energy_root":2,"minecraft:coal":149}},"DataVersion":3465}