{"stats":{"minecraft:dropped":{"minecraft:enchanted_book":1,"minecraft:moss_block":1,"minecraft:wheat_seeds":2,"minecraft:mossy_cobblestone":5,"minecraft:cobblestone":168,"minecraft:book":1,"cobblemon:vivichoke_seeds":1,"minecraft:dirt":47,"minecraft:diorite":30,"minecraft:wooden_axe":2,"minecraft:string":5,"minecraft:bone":4,"minecraft:redstone":4,"minecraft:gravel":2,"minecraft:moss_carpet":2,"minecraft:cobbled_deepslate":9,"cobblemon:big_root":7,"minecraft:clay_ball":8,"minecraft:big_dripleaf":3,"megamons:anistarite_rough_geode_block":1,"minecraft:andesite":21,"minecraft:mossy_stone_bricks":3,"cobblemon:energy_root":2,"minecraft:stone_bricks":5,"minecraft:arrow":4,"minecraft:wooden_pickaxe":2},"minecraft:custom":{"minecraft:interact_with_anvil":1,"minecraft:mob_kills":21,"minecraft:interact_with_crafting_table":23,"minecraft:open_barrel":19,"minecraft:leave_game":1,"minecraft:time_since_death":110434,"minecraft:climb_one_cm":2105,"minecraft:sprint_one_cm":124085,"minecraft:walk_one_cm":229225,"minecraft:damage_blocked_by_shield":400,"minecraft:drop":42,"minecraft:play_time":110434,"minecraft:sneak_time":5559,"minecraft:walk_under_water_one_cm":7630,"minecraft:jump":349,"minecraft:interact_with_brewingstand":5,"minecraft:walk_on_water_one_cm":20585,"minecraft:total_world_time":110434,"minecraft:interact_with_furnace":29,"minecraft:time_since_rest":110434,"minecraft:damage_taken":846,"minecraft:damage_dealt":3077,"minecraft:swim_one_cm":908,"minecraft:fly_one_cm":27417,"minecraft:open_chest":4,"minecraft:crouch_one_cm":11524,"minecraft:fall_one_cm":9357},"minecraft:killed":{"minecraft:slime":1,"minecraft:skeleton":3,"minecraft:zombie":12},"minecraft:mined":{"dungeonnowloading:iron_ingot_pile":3,"minecraft:large_amethyst_bud":5,"minecraft:mossy_cobblestone":1,"minecraft:deepslate_diamond_ore":2,"nuclearcraft:boron_ore":1,"cobblemon:big_root":7,"minecraft:granite":19,"minecraft:cave_vines_plant":2,"minecraft:budding_amethyst":1,"minecraft:decorated_pot":4,"dungeonnowloading:book_pile":1,"minecraft:spruce_leaves":4,"minecraft:moss_block":7,"minecraft:smooth_stone":1,"minecraft:furnace":1,"minecraft:iron_ore":62,"minecraft:gray_wall_banner":1,"nuclearcraft:uranium_ore":3,"minecraft:andesite":23,"minecraft:moss_carpet":1,"minecraft:deepslate_lapis_ore":3,"minecraft:cave_vines":3,"minecraft:deepslate_iron_ore":4,"minecraft:vine":1,"minecraft:small_amethyst_bud":1,"minecraft:iron_bars":2,"minecraft:spruce_pressure_plate":2,"minecraft:stone":276,"megamons:crystal_thunder_stone_ore":1,"megamons:anistarite_rough_geode_block":1,"megamons:anistarite_geode_block":8,"dungeonnowloading:mossy_cobblestone_pebbles":1,"minecraft:medium_amethyst_bud":8,"minecraft:amethyst_cluster":5,"minecraft:crafting_table":4,"minecraft:torch":2,"minecraft:calcite":11,"mekanism:tin_ore":1,"minecraft:copper_ore":25,"cobblemon:energy_root":2,"minecraft:tall_grass":1,"minecraft:cobblestone":17,"minecraft:deepslate_gold_ore":42,"minecraft:diorite":39,"minecraft:big_dripleaf":1,"minecraft:wall_torch":4,"minecraft:amethyst_block":6,"minecraft:coarse_dirt":2,"minecraft:spruce_log":16,"minecraft:grass":8,"minecraft:coal_ore":128,"dungeonnowloading:explosive_barrel":7,"mekanism:lead_ore":1,"minecraft:gravel":2,"minecraft:dirt":32,"minecraft:cobweb":2,"minecraft:smooth_basalt":7,"minecraft:stone_bricks":4,"minecraft:mossy_stone_bricks":4,"minecraft:gold_ore":1,"minecraft:deepslate":114,"minecraft:fern":2,"dungeonnowloading:spikes":3},"minecraft:broken":{"minecraft:stone_pickaxe":3,"minecraft:iron_pickaxe":1},"minecraft:used":{"minecraft:iron_bars":1,"minecraft:ladder":1,"minecraft:shield":16,"minecraft:iron_sword":72,"minecraft:rotten_flesh":25,"minecraft:torch":160,"minecraft:dirt":10,"minecraft:wooden_axe":22,"minecraft:iron_axe":3,"minecraft:iron_boots":1,"minecraft:furnace":4,"minecraft:iron_leggings":1,"minecraft:water_bucket":3,"minecraft:diorite":9,"minecraft:amethyst_block":1,"minecraft:stone_pickaxe":398,"minecraft:wooden_pickaxe":14,"minecraft:glow_berries":35,"minecraft:crafting_table":8,"minecraft:flower_pot":1,"minecraft:bread":1,"minecraft:iron_pickaxe":479,"minecraft:spruce_pressure_plate":2,"minecraft:cobblestone":65,"minecraft:bucket":4,"minecraft:coarse_dirt":2,"minecraft:splash_potion":2},"minecraft:crafted":{"minecraft:furnace":3,"minecraft:iron_boots":1,"minecraft:iron_axe":1,"minecraft:stone_pickaxe":3,"minecraft:crafting_table":4,"minecraft:spruce_planks":64,"minecraft:wooden_pickaxe":1,"minecraft:iron_helmet":1,"minecraft:iron_sword":1,"minecraft:bucket":1,"minecraft:air":0,"minecraft:iron_chestplate":1,"minecraft:shield":2,"minecraft:stick":56,"minecraft:iron_ingot":64,"minecraft:iron_pickaxe":2,"minecraft:wooden_axe":1,"minecraft:iron_leggings":1,"minecraft:torch":144},"minecraft:picked_up":{"minecraft:wooden_axe":1,"minecraft:crafting_table":4,"minecraft:coarse_dirt":2,"minecraft:flower_pot":1,"minecraft:ladder":1,"minecraft:clay_ball":8,"minecraft:wooden_pickaxe":1,"minecraft:enchanted_book":1,"minecraft:amethyst_block":1,"minecraft:string":2,"minecraft:moss_carpet":2,"minecraft:raw_copper":96,"minecraft:cobbled_deepslate":9,"cobblemon:big_root":7,"minecraft:furnace":1,"minecraft:spruce_pressure_plate":2,"minecraft:raw_iron":64,"minecraft:big_dripleaf":6,"minecraft:torch":12,"minecraft:diorite":39,"mekanism:raw_tin":1,"minecraft:rotten_flesh":12,"minecraft:arrow":4,"minecraft:glow_berries":20,"nuclearcraft:uranium_chunk":3,"minecraft:iron_bars":1,"minecraft:cobblestone":343,"mekanism:raw_lead":1,"minecraft:andesite":21,"minecraft:gunpowder":10,"megamons:anistarite_geode_block":8,"minecraft:dirt":57,"minecraft:bone":4,"minecraft:stone_bricks":5,"minecraft:wheat_seeds":2,"minecraft:raw_gold":42,"minecraft:iron_ingot":10,"cobblemon:thunder_stone":1,"minecraft:mossy_stone_bricks":3,"minecraft:moss_block":2,"minecraft:book":1,"minecraft:gravel":2,"minecraft:amethyst_shard":18,"minecraft:spruce_log":16,"minecraft:mossy_cobblestone":5,"megamons:anistarite_rough_geode_block":1,"minecraft:diamond":2,"minecraft:gray_banner":1,"minecraft:granite":18,"nuclearcraft:boron_chunk":1,"cobblemon:energy_root":2,"minecraft:coal":149}},"DataVersion":3465}