{"stats":{"minecraft:dropped":{"minecraft:enchanted_book":1,"minecraft:moss_block":1,"minecraft:wheat_seeds":2,"minecraft:glow_ink_sac":1,"minecraft:mossy_cobblestone":5,"minecraft:crafting_table":1,"minecraft:cobblestone":252,"minecraft:book":1,"minecraft:spruce_door":11,"minecraft:tropical_fish":2,"cobblemon:vivichoke_seeds":1,"minecraft:stick":3,"minecraft:dirt":47,"minecraft:diorite":34,"minecraft:torch":2,"minecraft:wooden_axe":2,"minecraft:iron_pickaxe":2,"minecraft:string":7,"minecraft:bucket":1,"minecraft:bone":4,"minecraft:redstone":4,"minecraft:gravel":2,"minecraft:moss_carpet":2,"minecraft:cobbled_deepslate":172,"cobblemon:big_root":7,"minecraft:rotten_flesh":2,"minecraft:clay_ball":8,"minecraft:filled_map":2,"minecraft:big_dripleaf":3,"megamons:anistarite_rough_geode_block":1,"minecraft:shield":1,"minecraft:gunpowder":10,"minecraft:spruce_planks":24,"minecraft:andesite":21,"minecraft:mossy_stone_bricks":3,"cobblemon:energy_root":2,"minecraft:stone_bricks":5,"minecraft:arrow":4,"minecraft:wooden_pickaxe":2},"minecraft:custom":{"minecraft:interact_with_anvil":1,"minecraft:mob_kills":30,"minecraft:interact_with_crafting_table":30,"minecraft:open_barrel":21,"minecraft:leave_game":2,"minecraft:time_since_death":162058,"minecraft:climb_one_cm":5693,"minecraft:sprint_one_cm":241858,"minecraft:walk_one_cm":312816,"minecraft:damage_blocked_by_shield":795,"minecraft:drop":73,"minecraft:talked_to_villager":1,"minecraft:play_time":162058,"minecraft:sneak_time":6782,"minecraft:walk_under_water_one_cm":15192,"minecraft:jump":710,"minecraft:interact_with_brewingstand":5,"minecraft:walk_on_water_one_cm":34106,"minecraft:total_world_time":162058,"minecraft:interact_with_furnace":37,"minecraft:time_since_rest":162058,"minecraft:damage_taken":1212,"minecraft:damage_dealt":4767,"minecraft:swim_one_cm":8270,"minecraft:fly_one_cm":92831,"minecraft:open_chest":13,"minecraft:crouch_one_cm":13452,"minecraft:fall_one_cm":20464},"minecraft:killed":{"minecraft:slime":1,"minecraft:skeleton":4,"minecraft:silverfish":1,"minecraft:zombie":19},"minecraft:mined":{"dungeonnowloading:iron_ingot_pile":3,"minecraft:large_amethyst_bud":5,"minecraft:tuff":32,"nuclearcraft:thorium_ore":1,"minecraft:mossy_cobblestone":1,"minecraft:deepslate_diamond_ore":6,"nuclearcraft:boron_ore":1,"cobblemon:big_root":7,"minecraft:granite":20,"minecraft:cave_vines_plant":4,"minecraft:budding_amethyst":1,"minecraft:grass_block":3,"minecraft:decorated_pot":4,"dungeonnowloading:book_pile":1,"occultism:silver_ore_deepslate":5,"minecraft:spruce_leaves":11,"minecraft:moss_block":9,"minecraft:smooth_stone":1,"minecraft:furnace":1,"minecraft:iron_ore":86,"minecraft:gray_wall_banner":1,"nuclearcraft:uranium_ore":3,"minecraft:andesite":34,"minecraft:moss_carpet":1,"minecraft:deepslate_lapis_ore":3,"minecraft:cave_vines":7,"minecraft:deepslate_iron_ore":14,"minecraft:vine":1,"minecraft:small_amethyst_bud":1,"minecraft:iron_bars":2,"minecraft:spruce_pressure_plate":2,"minecraft:stone":419,"nuclearcraft:silver_ore":8,"megamons:crystal_thunder_stone_ore":1,"megamons:anistarite_rough_geode_block":1,"mekanism:deepslate_lead_ore":6,"megamons:anistarite_geode_block":8,"dungeonnowloading:mossy_cobblestone_pebbles":1,"minecraft:medium_amethyst_bud":8,"cobblemon:revival_herb":2,"minecraft:amethyst_cluster":5,"cobblemon:apricorn_leaves":4,"minecraft:clay":10,"minecraft:crafting_table":4,"minecraft:torch":4,"minecraft:calcite":11,"minecraft:poppy":1,"mekanism:tin_ore":1,"minecraft:copper_ore":50,"cobblemon:energy_root":2,"minecraft:tall_grass":3,"minecraft:cobblestone":17,"minecraft:deepslate_gold_ore":44,"minecraft:diorite":42,"minecraft:big_dripleaf":1,"minecraft:wall_torch":7,"minecraft:amethyst_block":6,"minecraft:purple_bed":2,"minecraft:coarse_dirt":2,"evilcraft:dark_ore_deepslate":3,"nuclearcraft:uranium_deepslate_ore":7,"minecraft:spruce_log":20,"nuclearcraft:lead_ore":14,"minecraft:grass":9,"minecraft:coal_ore":173,"dungeonnowloading:explosive_barrel":7,"mekanism:lead_ore":1,"minecraft:gravel":2,"minecraft:dirt":40,"nuclearcraft:boron_deepslate_ore":5,"nuclearcraft:tin_ore":1,"minecraft:cobweb":2,"minecraft:smooth_basalt":7,"minecraft:stone_bricks":4,"minecraft:mossy_stone_bricks":4,"minecraft:gold_ore":1,"nuclearcraft:silver_deepslate_ore":9,"minecraft:deepslate":232,"minecraft:fern":3,"minecraft:infested_deepslate":1,"dungeonnowloading:spikes":3},"minecraft:broken":{"minecraft:stone_pickaxe":3,"minecraft:iron_pickaxe":3},"minecraft:used":{"minecraft:iron_bars":1,"minecraft:tropical_fish":3,"minecraft:poppy":1,"minecraft:ladder":1,"minecraft:spruce_planks":11,"minecraft:shield":25,"minecraft:iron_sword":114,"minecraft:rotten_flesh":31,"minecraft:torch":279,"minecraft:dirt":10,"minecraft:wooden_axe":22,"minecraft:iron_axe":8,"minecraft:iron_boots":1,"benssharks:silverfish":1,"minecraft:furnace":5,"minecraft:cobbled_deepslate":4,"minecraft:iron_leggings":1,"minecraft:cooked_mutton":4,"minecraft:water_bucket":5,"minecraft:diorite":9,"minecraft:amethyst_block":1,"minecraft:spruce_door":1,"minecraft:stone_pickaxe":398,"minecraft:wooden_pickaxe":14,"minecraft:glow_berries":35,"minecraft:crafting_table":12,"minecraft:flower_pot":2,"minecraft:bread":1,"minecraft:iron_pickaxe":994,"minecraft:spruce_pressure_plate":2,"minecraft:cobblestone":98,"minecraft:purple_bed":1,"minecraft:bucket":6,"minecraft:coarse_dirt":2,"minecraft:splash_potion":6},"minecraft:crafted":{"minecraft:furnace":4,"minecraft:iron_boots":1,"minecraft:iron_axe":1,"minecraft:stone_pickaxe":3,"minecraft:crafting_table":8,"minecraft:spruce_planks":108,"minecraft:wooden_pickaxe":1,"minecraft:iron_helmet":1,"minecraft:iron_sword":1,"minecraft:spruce_door":12,"minecraft:copper_ingot":13,"minecraft:bucket":1,"minecraft:air":0,"minecraft:iron_chestplate":1,"minecraft:shield":2,"minecraft:stick":96,"minecraft:iron_ingot":64,"minecraft:iron_pickaxe":4,"minecraft:wooden_axe":1,"minecraft:iron_leggings":1,"minecraft:torch":284},"minecraft:picked_up":{"minecraft:wooden_axe":1,"minecraft:crafting_table":5,"minecraft:coarse_dirt":2,"minecraft:flower_pot":2,"minecraft:ladder":1,"minecraft:clay_ball":8,"cobblemon:yellow_apricorn":5,"cobblemon:red_apricorn":7,"nuclearcraft:lead_chunk":14,"minecraft:wooden_pickaxe":1,"occultism:raw_silver":5,"minecraft:enchanted_book":1,"minecraft:amethyst_block":1,"cobblemon:revival_herb":7,"minecraft:string":2,"minecraft:moss_carpet":2,"minecraft:raw_copper":176,"minecraft:cobbled_deepslate":184,"minecraft:bucket":1,"minecraft:spruce_planks":12,"minecraft:poppy":2,"minecraft:iron_pickaxe":1,"cobblemon:big_root":7,"cobblemon:pep_up_flower":2,"minecraft:furnace":1,"nuclearcraft:silver_chunk":17,"minecraft:stick":1,"minecraft:spruce_pressure_plate":2,"minecraft:raw_iron":98,"minecraft:big_dripleaf":6,"minecraft:torch":22,"minecraft:diorite":43,"mekanism:raw_tin":1,"minecraft:rotten_flesh":19,"minecraft:arrow":4,"minecraft:tropical_fish":5,"minecraft:glow_berries":20,"nuclearcraft:uranium_chunk":10,"minecraft:iron_bars":1,"minecraft:cobblestone":383,"benssharks:silverfish":1,"minecraft:glow_ink_sac":1,"mekanism:raw_lead":7,"minecraft:andesite":21,"minecraft:gunpowder":10,"megamons:anistarite_geode_block":8,"minecraft:dirt":57,"minecraft:cooked_mutton":7,"minecraft:bone":4,"minecraft:stone_bricks":5,"minecraft:wheat_seeds":2,"minecraft:raw_gold":44,"minecraft:iron_ingot":10,"cobblemon:thunder_stone":1,"minecraft:mossy_stone_bricks":3,"minecraft:moss_block":2,"minecraft:book":1,"minecraft:gravel":2,"minecraft:amethyst_shard":18,"minecraft:spruce_log":20,"minecraft:mossy_cobblestone":5,"megamons:anistarite_rough_geode_block":1,"minecraft:purple_bed":2,"minecraft:diamond":6,"minecraft:gray_banner":1,"evilcraft:dark_gem":13,"minecraft:granite":18,"nuclearcraft:boron_chunk":6,"cobblemon:energy_root":2,"minecraft:coal":213}},"DataVersion":3465}