{"stats":{"minecraft:used":{"minecraft:crafting_table":2},"minecraft:mined":{"minecraft:grass":1,"minecraft:oak_log":1},"minecraft:crafted":{"minecraft:crafting_table":2,"minecraft:stick":8},"minecraft:custom":{"minecraft:jump":14,"minecraft:time_since_rest":6234,"minecraft:leave_game":1,"minecraft:crouch_one_cm":350,"minecraft:sprint_one_cm":8111,"minecraft:play_time":6234,"minecraft:time_since_death":6234,"minecraft:walk_one_cm":3778,"minecraft:sneak_time":93,"minecraft:total_world_time":6234,"minecraft:interact_with_crafting_table":1,"minecraft:fall_one_cm":418,"minecraft:fly_one_cm":3185},"minecraft:picked_up":{"minecraft:oak_log":1,"minecraft:oak_planks":12}},"DataVersion":3465}