{"stats":{"minecraft:dropped":{"minecraft:gravel":2,"minecraft:wheat_seeds":2,"minecraft:mossy_cobblestone":5,"minecraft:clay_ball":8,"megamons:anistarite_rough_geode_block":1,"minecraft:diorite":30},"minecraft:custom":{"minecraft:interact_with_furnace":11,"minecraft:mob_kills":1,"minecraft:interact_with_crafting_table":13,"minecraft:leave_game":1,"minecraft:time_since_death":62434,"minecraft:climb_one_cm":242,"minecraft:time_since_rest":62434,"minecraft:sprint_one_cm":54303,"minecraft:damage_taken":287,"minecraft:walk_one_cm":127397,"minecraft:damage_blocked_by_shield":60,"minecraft:drop":7,"minecraft:damage_dealt":232,"minecraft:swim_one_cm":139,"minecraft:fly_one_cm":8715,"minecraft:open_chest":4,"minecraft:crouch_one_cm":6919,"minecraft:play_time":62434,"minecraft:sneak_time":4009,"minecraft:walk_under_water_one_cm":2957,"minecraft:jump":96,"minecraft:walk_on_water_one_cm":4128,"minecraft:total_world_time":62434,"minecraft:fall_one_cm":3703},"minecraft:killed":{"minecraft:skeleton":1},"minecraft:mined":{"megamons:anistarite_rough_geode_block":1,"megamons:anistarite_geode_block":8,"nuclearcraft:boron_ore":1,"cobblemon:big_root":7,"minecraft:crafting_table":1,"minecraft:torch":2,"minecraft:cave_vines_plant":1,"minecraft:granite":19,"mekanism:tin_ore":1,"cobblemon:energy_root":2,"minecraft:tall_grass":1,"minecraft:copper_ore":25,"minecraft:cobblestone":6,"minecraft:spruce_leaves":4,"minecraft:moss_block":4,"minecraft:diorite":39,"minecraft:wall_torch":1,"minecraft:coarse_dirt":2,"minecraft:furnace":1,"minecraft:iron_ore":36,"minecraft:spruce_log":16,"minecraft:andesite":23,"nuclearcraft:uranium_ore":3,"minecraft:moss_carpet":1,"minecraft:grass":6,"minecraft:coal_ore":128,"minecraft:cave_vines":3,"mekanism:lead_ore":1,"minecraft:deepslate_iron_ore":4,"minecraft:vine":1,"minecraft:gravel":2,"minecraft:dirt":32,"minecraft:stone":275,"megamons:crystal_thunder_stone_ore":1,"minecraft:fern":2},"minecraft:broken":{"minecraft:stone_pickaxe":3},"minecraft:used":{"minecraft:diorite":9,"minecraft:stone_pickaxe":398,"minecraft:shield":2,"minecraft:wooden_pickaxe":14,"minecraft:rotten_flesh":2,"minecraft:torch":79,"minecraft:glow_berries":31,"minecraft:dirt":10,"minecraft:crafting_table":4,"minecraft:wooden_axe":22,"minecraft:bread":1,"minecraft:iron_pickaxe":202,"minecraft:cobblestone":13,"minecraft:furnace":3,"minecraft:coarse_dirt":2},"minecraft:crafted":{"minecraft:crafting_table":3,"minecraft:spruce_planks":64,"minecraft:wooden_pickaxe":1,"minecraft:iron_helmet":1,"minecraft:furnace":2,"minecraft:air":0,"minecraft:iron_chestplate":1,"minecraft:shield":1,"minecraft:stick":48,"minecraft:iron_ingot":19,"minecraft:iron_pickaxe":1,"minecraft:stone_pickaxe":3,"minecraft:wooden_axe":1,"minecraft:torch":144},"minecraft:picked_up":{"minecraft:coarse_dirt":2,"minecraft:crafting_table":1,"minecraft:clay_ball":8,"mekanism:raw_lead":1,"minecraft:andesite":21,"megamons:anistarite_geode_block":8,"minecraft:dirt":33,"minecraft:raw_copper":96,"minecraft:bone":2,"minecraft:wheat_seeds":2,"minecraft:cobbled_deepslate":2,"cobblemon:thunder_stone":1,"cobblemon:big_root":7,"minecraft:moss_block":1,"minecraft:furnace":1,"minecraft:raw_iron":38,"minecraft:torch":7,"minecraft:gravel":2,"minecraft:diorite":39,"minecraft:spruce_log":16,"minecraft:mossy_cobblestone":5,"mekanism:raw_tin":1,"megamons:anistarite_rough_geode_block":1,"minecraft:arrow":2,"minecraft:granite":18,"minecraft:coal":149,"cobblemon:energy_root":2,"minecraft:glow_berries":16,"nuclearcraft:uranium_chunk":3,"nuclearcraft:boron_chunk":1,"minecraft:cobblestone":281}},"DataVersion":3465}