{"stats":{"minecraft:dropped":{"minecraft:gravel":2,"minecraft:moss_carpet":2,"minecraft:moss_block":1,"minecraft:wheat_seeds":2,"cobblemon:big_root":7,"minecraft:cobbled_deepslate":2,"minecraft:mossy_cobblestone":5,"minecraft:cobblestone":51,"minecraft:clay_ball":8,"minecraft:big_dripleaf":3,"minecraft:dirt":23,"megamons:anistarite_rough_geode_block":1,"minecraft:diorite":30,"minecraft:andesite":21,"minecraft:wooden_axe":2,"cobblemon:energy_root":2,"minecraft:arrow":2,"minecraft:wooden_pickaxe":2,"minecraft:string":5,"minecraft:bone":4},"minecraft:custom":{"minecraft:interact_with_furnace":22,"minecraft:mob_kills":2,"minecraft:interact_with_crafting_table":22,"minecraft:leave_game":1,"minecraft:time_since_death":86434,"minecraft:climb_one_cm":338,"minecraft:time_since_rest":86434,"minecraft:sprint_one_cm":77450,"minecraft:damage_taken":453,"minecraft:walk_one_cm":168677,"minecraft:damage_blocked_by_shield":60,"minecraft:drop":26,"minecraft:damage_dealt":432,"minecraft:swim_one_cm":285,"minecraft:fly_one_cm":15966,"minecraft:open_chest":4,"minecraft:crouch_one_cm":8486,"minecraft:play_time":86434,"minecraft:sneak_time":4688,"minecraft:walk_under_water_one_cm":5055,"minecraft:jump":171,"minecraft:walk_on_water_one_cm":5093,"minecraft:total_world_time":86434,"minecraft:fall_one_cm":7032},"minecraft:killed":{"minecraft:skeleton":1,"minecraft:zombie":1},"minecraft:mined":{"megamons:anistarite_rough_geode_block":1,"minecraft:large_amethyst_bud":5,"megamons:anistarite_geode_block":8,"minecraft:mossy_cobblestone":1,"minecraft:deepslate_diamond_ore":2,"nuclearcraft:boron_ore":1,"minecraft:medium_amethyst_bud":8,"minecraft:amethyst_cluster":5,"cobblemon:big_root":7,"minecraft:budding_amethyst":1,"minecraft:crafting_table":4,"minecraft:torch":2,"minecraft:cave_vines_plant":2,"minecraft:granite":19,"minecraft:calcite":11,"mekanism:tin_ore":1,"cobblemon:energy_root":2,"minecraft:tall_grass":1,"minecraft:copper_ore":25,"minecraft:cobblestone":8,"minecraft:spruce_leaves":4,"minecraft:deepslate_gold_ore":32,"minecraft:moss_block":6,"minecraft:diorite":39,"minecraft:wall_torch":2,"minecraft:amethyst_block":6,"minecraft:big_dripleaf":1,"minecraft:coarse_dirt":2,"minecraft:furnace":1,"minecraft:iron_ore":50,"minecraft:spruce_log":16,"minecraft:andesite":23,"nuclearcraft:uranium_ore":3,"minecraft:moss_carpet":1,"minecraft:deepslate_lapis_ore":3,"minecraft:grass":7,"minecraft:coal_ore":128,"minecraft:cave_vines":3,"mekanism:lead_ore":1,"minecraft:deepslate_iron_ore":4,"minecraft:vine":1,"minecraft:small_amethyst_bud":1,"minecraft:gravel":2,"minecraft:dirt":32,"minecraft:smooth_basalt":7,"minecraft:stone_bricks":1,"minecraft:stone":276,"minecraft:deepslate":96,"minecraft:gold_ore":1,"megamons:crystal_thunder_stone_ore":1,"minecraft:fern":2,"dungeonnowloading:spikes":3},"minecraft:broken":{"minecraft:stone_pickaxe":3,"minecraft:iron_pickaxe":1},"minecraft:used":{"minecraft:diorite":9,"minecraft:amethyst_block":1,"minecraft:stone_pickaxe":398,"minecraft:shield":2,"minecraft:wooden_pickaxe":14,"minecraft:iron_sword":5,"minecraft:rotten_flesh":12,"minecraft:torch":114,"minecraft:glow_berries":31,"minecraft:dirt":10,"minecraft:crafting_table":7,"minecraft:wooden_axe":22,"minecraft:iron_axe":3,"minecraft:bread":1,"minecraft:iron_pickaxe":406,"minecraft:iron_boots":1,"minecraft:cobblestone":18,"minecraft:furnace":3,"minecraft:bucket":1,"minecraft:coarse_dirt":2,"minecraft:iron_leggings":1},"minecraft:crafted":{"minecraft:crafting_table":4,"minecraft:spruce_planks":64,"minecraft:wooden_pickaxe":1,"minecraft:iron_helmet":1,"minecraft:iron_sword":1,"minecraft:furnace":2,"minecraft:bucket":1,"minecraft:air":0,"minecraft:iron_boots":1,"minecraft:iron_chestplate":1,"minecraft:shield":1,"minecraft:iron_axe":1,"minecraft:stick":56,"minecraft:iron_ingot":50,"minecraft:iron_pickaxe":2,"minecraft:stone_pickaxe":3,"minecraft:wooden_axe":1,"minecraft:iron_leggings":1,"minecraft:torch":144},"minecraft:picked_up":{"minecraft:wooden_axe":1,"minecraft:coarse_dirt":2,"minecraft:crafting_table":4,"minecraft:clay_ball":8,"mekanism:raw_lead":1,"minecraft:andesite":21,"minecraft:wooden_pickaxe":1,"minecraft:amethyst_block":1,"minecraft:moss_carpet":2,"megamons:anistarite_geode_block":8,"minecraft:dirt":56,"minecraft:raw_copper":96,"minecraft:bone":4,"minecraft:stone_bricks":1,"minecraft:wheat_seeds":2,"minecraft:cobbled_deepslate":2,"minecraft:raw_gold":32,"cobblemon:thunder_stone":1,"cobblemon:big_root":7,"minecraft:moss_block":2,"minecraft:furnace":1,"minecraft:raw_iron":52,"minecraft:big_dripleaf":6,"minecraft:torch":9,"minecraft:gravel":2,"minecraft:amethyst_shard":18,"minecraft:diorite":39,"minecraft:spruce_log":16,"minecraft:mossy_cobblestone":5,"mekanism:raw_tin":1,"megamons:anistarite_rough_geode_block":1,"minecraft:arrow":2,"minecraft:diamond":2,"minecraft:granite":18,"minecraft:coal":149,"cobblemon:energy_root":2,"minecraft:glow_berries":16,"nuclearcraft:uranium_chunk":3,"nuclearcraft:boron_chunk":1,"minecraft:cobblestone":335}},"DataVersion":3465}