{
  "uuid": "3c5e854c-27d7-3fff-8f95-89cc8f5470ca",
  "starterPrompted": true,
  "starterLocked": false,
  "starterSelected": true,
  "starterUUID": "0fcd7259-ab9b-4f59-8338-beeda68ca4b1",
  "keyItems": [],
  "battleTheme": "cobblemon:battle.pvp.default",
  "extraData": {
    "cobbledex_discovery": {
      "registers": {
        "fennekin": {
          "normal": {
            "isShiny": false,
            "status": "CAUGHT",
            "discoveredTimestamp": 1727236927307,
            "caughtTimestamp": 1727236927307
          }
        },
        "sentret": {
          "normal": {
            "isShiny": false,
            "status": "SEEN",
            "discoveredTimestamp": 1727237064454
          }
        },
        "furret": {
          "normal": {
            "isShiny": false,
            "status": "SEEN",
            "discoveredTimestamp": 1727237069449
          }
        },
        "pachirisu": {
          "normal": {
            "isShiny": false,
            "status": "CAUGHT",
            "discoveredTimestamp": 1727289852830,
            "caughtTimestamp": 1727289852830
          }
        },
        "kakuna": {
          "normal": {
            "isShiny": false,
            "status": "CAUGHT",
            "discoveredTimestamp": 1727289953773,
            "caughtTimestamp": 1727289953773
          }
        },
        "braixen": {
          "normal": {
            "isShiny": false,
            "status": "CAUGHT",
            "discoveredTimestamp": 1727289963657,
            "caughtTimestamp": 1727289963657
          }
        },
        "beedrill": {
          "normal": {
            "isShiny": false,
            "status": "CAUGHT",
            "discoveredTimestamp": 1727289970538,
            "caughtTimestamp": 1727289970538
          }
        },
        "stonjourner": {
          "normal": {
            "isShiny": false,
            "status": "CAUGHT",
            "discoveredTimestamp": 1727290332013,
            "caughtTimestamp": 1727290332013
          }
        },
        "mareep": {
          "normal": {
            "isShiny": false,
            "status": "CAUGHT",
            "discoveredTimestamp": 1727290350722,
            "caughtTimestamp": 1727290350722
          }
        },
        "flaaffy": {
          "normal": {
            "isShiny": false,
            "status": "CAUGHT",
            "discoveredTimestamp": 1727290367695,
            "caughtTimestamp": 1727290367695
          }
        },
        "bouffalant": {
          "normal": {
            "isShiny": false,
            "status": "CAUGHT",
            "discoveredTimestamp": 1727290733105,
            "caughtTimestamp": 1727290733105
          }
        },
        "wyrdeer": {
          "normal": {
            "isShiny": false,
            "status": "CAUGHT",
            "discoveredTimestamp": 1727291813611,
            "caughtTimestamp": 1727291813611
          }
        },
        "corviknight": {
          "normal": {
            "isShiny": false,
            "status": "CAUGHT",
            "discoveredTimestamp": 1727292869039,
            "caughtTimestamp": 1727292869039
          }
        }
      },
      "name": "cobbledex_discovery"
    },
    "Cobbledex_RewardHistory": {
      "received": [],
      "name": "Cobbledex_RewardHistory"
    }
  },
  "advancementData": {
    "totalCaptureCount": 7,
    "totalEggsHatched": 0,
    "totalEvolvedCount": 3,
    "totalBattleVictoryCount": 7,
    "totalPvPBattleVictoryCount": 0,
    "totalPvWBattleVictoryCount": 7,
    "totalPvNBattleVictoryCount": 0,
    "totalShinyCaptureCount": 0,
    "totalTradedCount": 0,
    "totalTypeCaptureCounts": {
      "electric": 2,
      "bug": 1,
      "poison": 1,
      "rock": 1,
      "normal": 2,
      "psychic": 1,
      "flying": 1,
      "steel": 1
    },
    "totalDefeatedCounts": {},
    "aspectsCollected": {}
  }
}